[
  {
    "name": "Web Technologies",
    "code": "CS350",
    "instructor": "Mr. Kojo",
    "auditors": ["Hutton", "Barbara"]
  },
  {
    "name": "Database Systems",
    "code": "CS370",
    "instructor": "Dr. Ofori",
    "auditors": ["Maame"]
  },
  {
    "name": "Finance for non finance managers ",
    "code": "BUSA224",
    "instructor": "Dr Kweku",
    "auditors": ["Yaw"]
  },
  {
    "name": "Principles Of Economics",
    "code": "BUSA226",
    "instructor": "Dr. Prince",
    "auditors": ["Mariem"]
  },
  {
    "name": "System Analysis And Design",
    "code": "CS378",
    "instructor": "Prof. Joseph K. Adjei",
    "auditors": ["Akosua"]
  }
]
